{
    "conversion_rate": {
        "0.3333333333333333": 1,
        "0.5764705882352941": 1,
        "0.21348314606741567": 1,
        "0.3106060606060606": 1,
        "0.3062708270221145": 1,
        "0.594017094017094": 1,
        "0.6341463414634146": 1,
        "0.6578947368421053": 1,
        "0.3315217391304348": 1,
        "0.372093023255814": 1,
        "0.7783204288266825": 1,
        "0.08685714285714285": 1,
        "0.7364532019704434": 1,
        "0.4523809523809524": 1,
        "0.6326530612244898": 1,
        "0.4511111111111111": 1,
        "0.6551724137931034": 1,
        "0.55": 1,
        "0.6301369863013698": 1,
        "0.3563218390804598": 1,
        "0.3861111111111111": 1,
        "0.28929384965831434": 1,
        "0.17371601208459214": 1,
        "0.8181818181818182": 1,
        "0.6664759208505255": 1,
        "0.5631067961165048": 1,
        "0.4728033472803347": 1,
        "0.23170731707317074": 1,
        "0.84375": 1,
        "0.3146067415730337": 1,
        "0.21651785714285715": 1,
        "0.546875": 1,
        "0.8571428571428571": 1,
        "0.8125": 1,
        "0.5217391304347826": 1,
        "0.24609375": 1,
        "0.8960603520536463": 1,
        "0.8260869565217391": 1,
        "0.2815533980582524": 1,
        "0.6666666666666666": 1,
        "0.8305084745762712": 1,
        "0.485981308411215": 1,
        "0.2352941176470588": 1,
        "0.7551020408163265": 1,
        "0.6774193548387096": 1,
        "0.2673267326732673": 1,
        "0.9077941925624043": 1,
        "0.1111111111111111": 1,
        "0.14772727272727273": 1,
        "0.4761904761904762": 1,
        "0.7974683544303798": 1,
        "0.2575757575757576": 1,
        "0.17142857142857146": 1,
        "0.7071917808219178": 1,
        "0.029003783102143764": 1,
        "0.8089199825098382": 1,
        "0.3223880597014925": 1,
        "0.07328605200945626": 1,
        "0.7597503900156006": 1,
        "0.0984126984126984": 1,
        "0.2093441150044924": 1,
        "0.4736486486486486": 1,
        "0.25835866261398177": 1,
        "0.8840579710144928": 1,
        "0.188839615668884": 1,
        "0.1676300578034682": 1,
        "0.608726625111309": 1,
        "0.6872427983539094": 1,
        "0.20967741935483872": 1,
        "0.032667876588021776": 1,
        "0.6470588235294118": 1,
        "0.13106796116504854": 1,
        "0.1851851851851852": 1,
        "0.19402985074626866": 1,
        "0.7454545454545455": 1,
        "0.6590909090909091": 1,
        "0.3867924528301887": 1,
        "0.3818181818181817": 1,
        "0.19374523264683446": 1,
        "0.1444007858546169": 1,
        "0.3559322033898305": 1,
        "0.7118644067796609": 1,
        "0.2232223222322232": 1,
        "0.8522304832713755": 1,
        "0.5333333333333333": 1,
        "0.7058823529411765": 1,
        "0.5161290322580645": 1,
        "0.0939516129032258": 1,
        "0.2637362637362637": 1,
        "0.7894736842105263": 1,
        "0.3740340030911901": 1,
        "0.22142857142857145": 1,
        "0.4545454545454545": 1,
        "0.8709677419354839": 1,
        "0.392156862745098": 1,
        "0.6296296296296297": 1,
        "0.3": 1,
        "0.7488372093023256": 1,
        "0.6863636363636364": 1,
        "0.75": 1
    }
}